Period,StartDate,EndDate
Future_Daily_1,24/02/2025,24/02/2025
Future_Daily_2,25/02/2025,25/02/2025
Future_Daily_3,26/02/2025,26/02/2025
Future_Daily_4,27/02/2025,27/02/2025
Future_Daily_5,28/02/2025,28/02/2025
Future_Daily_6,01/03/2025,01/03/2025
Future_Daily_7,02/03/2025,02/03/2025
Historical_Daily_1,25/02/2022,25/02/2022
Historical_Daily_2,26/02/2022,26/02/2022
Historical_Daily_3,27/02/2022,27/02/2022
Historical_Daily_4,28/02/2022,28/02/2022
Historical_Daily_5,01/03/2022,01/03/2022
Historical_Daily_6,02/03/2022,02/03/2022
Historical_Daily_7,03/03/2022,03/03/2022
Historical_Daily_8,04/03/2022,04/03/2022
Historical_Daily_9,05/03/2022,05/03/2022
Historical_Daily_10,06/03/2022,06/03/2022
Historical_Daily_11,07/03/2022,07/03/2022
Historical_Daily_12,08/03/2022,08/03/2022
Historical_Daily_13,09/03/2022,09/03/2022
Historical_Daily_14,10/03/2022,10/03/2022
Historical_Daily_15,11/03/2022,11/03/2022
Historical_Daily_16,12/03/2022,12/03/2022
Historical_Daily_17,13/03/2022,13/03/2022
Historical_Daily_18,14/03/2022,14/03/2022
Historical_Daily_19,15/03/2022,15/03/2022
Historical_Daily_20,16/03/2022,16/03/2022
Historical_Daily_21,17/03/2022,17/03/2022
Historical_Daily_22,18/03/2022,18/03/2022
Historical_Daily_23,19/03/2022,19/03/2022
Historical_Daily_24,20/03/2022,20/03/2022
Historical_Daily_25,21/03/2022,21/03/2022
Historical_Daily_26,22/03/2022,22/03/2022
Historical_Daily_27,23/03/2022,23/03/2022
Historical_Daily_28,24/03/2022,24/03/2022
Historical_Daily_29,25/03/2022,25/03/2022
Historical_Daily_30,26/03/2022,26/03/2022
Historical_Daily_31,27/03/2022,27/03/2022
Historical_Daily_32,28/03/2022,28/03/2022
Historical_Daily_33,29/03/2022,29/03/2022
Historical_Daily_34,30/03/2022,30/03/2022
Historical_Daily_35,31/03/2022,31/03/2022
Historical_Daily_36,01/04/2022,01/04/2022
Historical_Daily_37,02/04/2022,02/04/2022
Historical_Daily_38,03/04/2022,03/04/2022
Historical_Daily_39,04/04/2022,04/04/2022
Historical_Daily_40,05/04/2022,05/04/2022
Historical_Daily_41,06/04/2022,06/04/2022
Historical_Daily_42,07/04/2022,07/04/2022
Historical_Daily_43,08/04/2022,08/04/2022
Historical_Daily_44,09/04/2022,09/04/2022
Historical_Daily_45,10/04/2022,10/04/2022
Historical_Daily_46,11/04/2022,11/04/2022
Historical_Daily_47,12/04/2022,12/04/2022
Historical_Daily_48,13/04/2022,13/04/2022
Historical_Daily_49,14/04/2022,14/04/2022
Historical_Daily_50,15/04/2022,15/04/2022
Historical_Daily_51,16/04/2022,16/04/2022
Historical_Daily_52,17/04/2022,17/04/2022
Historical_Daily_53,18/04/2022,18/04/2022
Historical_Daily_54,19/04/2022,19/04/2022
Historical_Daily_55,20/04/2022,20/04/2022
Historical_Daily_56,21/04/2022,21/04/2022
Historical_Daily_57,22/04/2022,22/04/2022
Historical_Daily_58,23/04/2022,23/04/2022
Historical_Daily_59,24/04/2022,24/04/2022
Historical_Daily_60,25/04/2022,25/04/2022
Historical_Daily_61,26/04/2022,26/04/2022
Historical_Daily_62,27/04/2022,27/04/2022
Historical_Daily_63,28/04/2022,28/04/2022
Historical_Daily_64,29/04/2022,29/04/2022
Historical_Daily_65,30/04/2022,30/04/2022
Historical_Daily_66,01/05/2022,01/05/2022
Historical_Daily_67,02/05/2022,02/05/2022
Historical_Daily_68,03/05/2022,03/05/2022
Historical_Daily_69,04/05/2022,04/05/2022
Historical_Daily_70,05/05/2022,05/05/2022
Historical_Daily_71,06/05/2022,06/05/2022
Historical_Daily_72,07/05/2022,07/05/2022
Historical_Daily_73,08/05/2022,08/05/2022
Historical_Daily_74,09/05/2022,09/05/2022
Historical_Daily_75,10/05/2022,10/05/2022
Historical_Daily_76,11/05/2022,11/05/2022
Historical_Daily_77,12/05/2022,12/05/2022
Historical_Daily_78,13/05/2022,13/05/2022
Historical_Daily_79,14/05/2022,14/05/2022
Historical_Daily_80,15/05/2022,15/05/2022
Historical_Daily_81,16/05/2022,16/05/2022
Historical_Daily_82,17/05/2022,17/05/2022
Historical_Daily_83,18/05/2022,18/05/2022
Historical_Daily_84,19/05/2022,19/05/2022
Historical_Daily_85,20/05/2022,20/05/2022
Historical_Daily_86,21/05/2022,21/05/2022
Historical_Daily_87,22/05/2022,22/05/2022
Historical_Daily_88,23/05/2022,23/05/2022
Historical_Daily_89,24/05/2022,24/05/2022
Historical_Daily_90,25/05/2022,25/05/2022
Historical_Daily_91,26/05/2022,26/05/2022
Historical_Daily_92,27/05/2022,27/05/2022
Historical_Daily_93,28/05/2022,28/05/2022
Historical_Daily_94,29/05/2022,29/05/2022
Historical_Daily_95,30/05/2022,30/05/2022
Historical_Daily_96,31/05/2022,31/05/2022
Historical_Daily_97,01/06/2022,01/06/2022
Historical_Daily_98,02/06/2022,02/06/2022
Historical_Daily_99,03/06/2022,03/06/2022
Historical_Daily_100,04/06/2022,04/06/2022
Historical_Daily_101,05/06/2022,05/06/2022
Historical_Daily_102,06/06/2022,06/06/2022
Historical_Daily_103,07/06/2022,07/06/2022
Historical_Daily_104,08/06/2022,08/06/2022
Historical_Daily_105,09/06/2022,09/06/2022
Historical_Daily_106,10/06/2022,10/06/2022
Historical_Daily_107,11/06/2022,11/06/2022
Historical_Daily_108,12/06/2022,12/06/2022
Historical_Daily_109,13/06/2022,13/06/2022
Historical_Daily_110,14/06/2022,14/06/2022
Historical_Daily_111,15/06/2022,15/06/2022
Historical_Daily_112,16/06/2022,16/06/2022
Historical_Daily_113,17/06/2022,17/06/2022
Historical_Daily_114,18/06/2022,18/06/2022
Historical_Daily_115,19/06/2022,19/06/2022
Historical_Daily_116,20/06/2022,20/06/2022
Historical_Daily_117,21/06/2022,21/06/2022
Historical_Daily_118,22/06/2022,22/06/2022
Historical_Daily_119,23/06/2022,23/06/2022
Historical_Daily_120,24/06/2022,24/06/2022
Historical_Daily_121,25/06/2022,25/06/2022
Historical_Daily_122,26/06/2022,26/06/2022
Historical_Daily_123,27/06/2022,27/06/2022
Historical_Daily_124,28/06/2022,28/06/2022
Historical_Daily_125,29/06/2022,29/06/2022
Historical_Daily_126,30/06/2022,30/06/2022
Historical_Daily_127,01/07/2022,01/07/2022
Historical_Daily_128,02/07/2022,02/07/2022
Historical_Daily_129,03/07/2022,03/07/2022
Historical_Daily_130,04/07/2022,04/07/2022
Historical_Daily_131,05/07/2022,05/07/2022
Historical_Daily_132,06/07/2022,06/07/2022
Historical_Daily_133,07/07/2022,07/07/2022
Historical_Daily_134,08/07/2022,08/07/2022
Historical_Daily_135,09/07/2022,09/07/2022
Historical_Daily_136,10/07/2022,10/07/2022
Historical_Daily_137,11/07/2022,11/07/2022
Historical_Daily_138,12/07/2022,12/07/2022
Historical_Daily_139,13/07/2022,13/07/2022
Historical_Daily_140,14/07/2022,14/07/2022
Historical_Daily_141,15/07/2022,15/07/2022
Historical_Daily_142,16/07/2022,16/07/2022
Historical_Daily_143,17/07/2022,17/07/2022
Historical_Daily_144,18/07/2022,18/07/2022
Historical_Daily_145,19/07/2022,19/07/2022
Historical_Daily_146,20/07/2022,20/07/2022
Historical_Daily_147,21/07/2022,21/07/2022
Historical_Daily_148,22/07/2022,22/07/2022
Historical_Daily_149,23/07/2022,23/07/2022
Historical_Daily_150,24/07/2022,24/07/2022
Historical_Daily_151,25/07/2022,25/07/2022
Historical_Daily_152,26/07/2022,26/07/2022
Historical_Daily_153,27/07/2022,27/07/2022
Historical_Daily_154,28/07/2022,28/07/2022
Historical_Daily_155,29/07/2022,29/07/2022
Historical_Daily_156,30/07/2022,30/07/2022
Historical_Daily_157,31/07/2022,31/07/2022
Historical_Daily_158,01/08/2022,01/08/2022
Historical_Daily_159,02/08/2022,02/08/2022
Historical_Daily_160,03/08/2022,03/08/2022
Historical_Daily_161,04/08/2022,04/08/2022
Historical_Daily_162,05/08/2022,05/08/2022
Historical_Daily_163,06/08/2022,06/08/2022
Historical_Daily_164,07/08/2022,07/08/2022
Historical_Daily_165,08/08/2022,08/08/2022
Historical_Daily_166,09/08/2022,09/08/2022
Historical_Daily_167,10/08/2022,10/08/2022
Historical_Daily_168,11/08/2022,11/08/2022
Historical_Daily_169,12/08/2022,12/08/2022
Historical_Daily_170,13/08/2022,13/08/2022
Historical_Daily_171,14/08/2022,14/08/2022
Historical_Daily_172,15/08/2022,15/08/2022
Historical_Daily_173,16/08/2022,16/08/2022
Historical_Daily_174,17/08/2022,17/08/2022
Historical_Daily_175,18/08/2022,18/08/2022
Historical_Daily_176,19/08/2022,19/08/2022
Historical_Daily_177,20/08/2022,20/08/2022
Historical_Daily_178,21/08/2022,21/08/2022
Historical_Daily_179,22/08/2022,22/08/2022
Historical_Daily_180,23/08/2022,23/08/2022
Historical_Daily_181,24/08/2022,24/08/2022
Historical_Daily_182,25/08/2022,25/08/2022
Historical_Daily_183,26/08/2022,26/08/2022
Historical_Daily_184,27/08/2022,27/08/2022
Historical_Daily_185,28/08/2022,28/08/2022
Historical_Daily_186,29/08/2022,29/08/2022
Historical_Daily_187,30/08/2022,30/08/2022
Historical_Daily_188,31/08/2022,31/08/2022
Historical_Daily_189,01/09/2022,01/09/2022
Historical_Daily_190,02/09/2022,02/09/2022
Historical_Daily_191,03/09/2022,03/09/2022
Historical_Daily_192,04/09/2022,04/09/2022
Historical_Daily_193,05/09/2022,05/09/2022
Historical_Daily_194,06/09/2022,06/09/2022
Historical_Daily_195,07/09/2022,07/09/2022
Historical_Daily_196,08/09/2022,08/09/2022
Historical_Daily_197,09/09/2022,09/09/2022
Historical_Daily_198,10/09/2022,10/09/2022
Historical_Daily_199,11/09/2022,11/09/2022
Historical_Daily_200,12/09/2022,12/09/2022
Historical_Daily_201,13/09/2022,13/09/2022
Historical_Daily_202,14/09/2022,14/09/2022
Historical_Daily_203,15/09/2022,15/09/2022
Historical_Daily_204,16/09/2022,16/09/2022
Historical_Daily_205,17/09/2022,17/09/2022
Historical_Daily_206,18/09/2022,18/09/2022
Historical_Daily_207,19/09/2022,19/09/2022
Historical_Daily_208,20/09/2022,20/09/2022
Historical_Daily_209,21/09/2022,21/09/2022
Historical_Daily_210,22/09/2022,22/09/2022
Historical_Daily_211,23/09/2022,23/09/2022
Historical_Daily_212,24/09/2022,24/09/2022
Historical_Daily_213,25/09/2022,25/09/2022
Historical_Daily_214,26/09/2022,26/09/2022
Historical_Daily_215,27/09/2022,27/09/2022
Historical_Daily_216,28/09/2022,28/09/2022
Historical_Daily_217,29/09/2022,29/09/2022
Historical_Daily_218,30/09/2022,30/09/2022
Historical_Daily_219,01/10/2022,01/10/2022
Historical_Daily_220,02/10/2022,02/10/2022
Historical_Daily_221,03/10/2022,03/10/2022
Historical_Daily_222,04/10/2022,04/10/2022
Historical_Daily_223,05/10/2022,05/10/2022
Historical_Daily_224,06/10/2022,06/10/2022
Historical_Daily_225,07/10/2022,07/10/2022
Historical_Daily_226,08/10/2022,08/10/2022
Historical_Daily_227,09/10/2022,09/10/2022
Historical_Daily_228,10/10/2022,10/10/2022
Historical_Daily_229,11/10/2022,11/10/2022
Historical_Daily_230,12/10/2022,12/10/2022
Historical_Daily_231,13/10/2022,13/10/2022
Historical_Daily_232,14/10/2022,14/10/2022
Historical_Daily_233,15/10/2022,15/10/2022
Historical_Daily_234,16/10/2022,16/10/2022
Historical_Daily_235,17/10/2022,17/10/2022
Historical_Daily_236,18/10/2022,18/10/2022
Historical_Daily_237,19/10/2022,19/10/2022
Historical_Daily_238,20/10/2022,20/10/2022
Historical_Daily_239,21/10/2022,21/10/2022
Historical_Daily_240,22/10/2022,22/10/2022
Historical_Daily_241,23/10/2022,23/10/2022
Historical_Daily_242,24/10/2022,24/10/2022
Historical_Daily_243,25/10/2022,25/10/2022
Historical_Daily_244,26/10/2022,26/10/2022
Historical_Daily_245,27/10/2022,27/10/2022
Historical_Daily_246,28/10/2022,28/10/2022
Historical_Daily_247,29/10/2022,29/10/2022
Historical_Daily_248,30/10/2022,30/10/2022
Historical_Daily_249,31/10/2022,31/10/2022
Historical_Daily_250,01/11/2022,01/11/2022
Historical_Daily_251,02/11/2022,02/11/2022
Historical_Daily_252,03/11/2022,03/11/2022
Historical_Daily_253,04/11/2022,04/11/2022
Historical_Daily_254,05/11/2022,05/11/2022
Historical_Daily_255,06/11/2022,06/11/2022
Historical_Daily_256,07/11/2022,07/11/2022
Historical_Daily_257,08/11/2022,08/11/2022
Historical_Daily_258,09/11/2022,09/11/2022
Historical_Daily_259,10/11/2022,10/11/2022
Historical_Daily_260,11/11/2022,11/11/2022
Historical_Daily_261,12/11/2022,12/11/2022
Historical_Daily_262,13/11/2022,13/11/2022
Historical_Daily_263,14/11/2022,14/11/2022
Historical_Daily_264,15/11/2022,15/11/2022
Historical_Daily_265,16/11/2022,16/11/2022
Historical_Daily_266,17/11/2022,17/11/2022
Historical_Daily_267,18/11/2022,18/11/2022
Historical_Daily_268,19/11/2022,19/11/2022
Historical_Daily_269,20/11/2022,20/11/2022
Historical_Daily_270,21/11/2022,21/11/2022
Historical_Daily_271,22/11/2022,22/11/2022
Historical_Daily_272,23/11/2022,23/11/2022
Historical_Daily_273,24/11/2022,24/11/2022
Historical_Daily_274,25/11/2022,25/11/2022
Historical_Daily_275,26/11/2022,26/11/2022
Historical_Daily_276,27/11/2022,27/11/2022
Historical_Daily_277,28/11/2022,28/11/2022
Historical_Daily_278,29/11/2022,29/11/2022
Historical_Daily_279,30/11/2022,30/11/2022
Historical_Daily_280,01/12/2022,01/12/2022
Historical_Daily_281,02/12/2022,02/12/2022
Historical_Daily_282,03/12/2022,03/12/2022
Historical_Daily_283,04/12/2022,04/12/2022
Historical_Daily_284,05/12/2022,05/12/2022
Historical_Daily_285,06/12/2022,06/12/2022
Historical_Daily_286,07/12/2022,07/12/2022
Historical_Daily_287,08/12/2022,08/12/2022
Historical_Daily_288,09/12/2022,09/12/2022
Historical_Daily_289,10/12/2022,10/12/2022
Historical_Daily_290,11/12/2022,11/12/2022
Historical_Daily_291,12/12/2022,12/12/2022
Historical_Daily_292,13/12/2022,13/12/2022
Historical_Daily_293,14/12/2022,14/12/2022
Historical_Daily_294,15/12/2022,15/12/2022
Historical_Daily_295,16/12/2022,16/12/2022
Historical_Daily_296,17/12/2022,17/12/2022
Historical_Daily_297,18/12/2022,18/12/2022
Historical_Daily_298,19/12/2022,19/12/2022
Historical_Daily_299,20/12/2022,20/12/2022
Historical_Daily_300,21/12/2022,21/12/2022
Historical_Daily_301,22/12/2022,22/12/2022
Historical_Daily_302,23/12/2022,23/12/2022
Historical_Daily_303,24/12/2022,24/12/2022
Historical_Daily_304,25/12/2022,25/12/2022
Historical_Daily_305,26/12/2022,26/12/2022
Historical_Daily_306,27/12/2022,27/12/2022
Historical_Daily_307,28/12/2022,28/12/2022
Historical_Daily_308,29/12/2022,29/12/2022
Historical_Daily_309,30/12/2022,30/12/2022
Historical_Daily_310,31/12/2022,31/12/2022
Historical_Daily_311,01/01/2023,01/01/2023
Historical_Daily_312,02/01/2023,02/01/2023
Historical_Daily_313,03/01/2023,03/01/2023
Historical_Daily_314,04/01/2023,04/01/2023
Historical_Daily_315,05/01/2023,05/01/2023
Historical_Daily_316,06/01/2023,06/01/2023
Historical_Daily_317,07/01/2023,07/01/2023
Historical_Daily_318,08/01/2023,08/01/2023
Historical_Daily_319,09/01/2023,09/01/2023
Historical_Daily_320,10/01/2023,10/01/2023
Historical_Daily_321,11/01/2023,11/01/2023
Historical_Daily_322,12/01/2023,12/01/2023
Historical_Daily_323,13/01/2023,13/01/2023
Historical_Daily_324,14/01/2023,14/01/2023
Historical_Daily_325,15/01/2023,15/01/2023
Historical_Daily_326,16/01/2023,16/01/2023
Historical_Daily_327,17/01/2023,17/01/2023
Historical_Daily_328,18/01/2023,18/01/2023
Historical_Daily_329,19/01/2023,19/01/2023
Historical_Daily_330,20/01/2023,20/01/2023
Historical_Daily_331,21/01/2023,21/01/2023
Historical_Daily_332,22/01/2023,22/01/2023
Historical_Daily_333,23/01/2023,23/01/2023
Historical_Daily_334,24/01/2023,24/01/2023
Historical_Daily_335,25/01/2023,25/01/2023
Historical_Daily_336,26/01/2023,26/01/2023
Historical_Daily_337,27/01/2023,27/01/2023
Historical_Daily_338,28/01/2023,28/01/2023
Historical_Daily_339,29/01/2023,29/01/2023
Historical_Daily_340,30/01/2023,30/01/2023
Historical_Daily_341,31/01/2023,31/01/2023
Historical_Daily_342,01/02/2023,01/02/2023
Historical_Daily_343,02/02/2023,02/02/2023
Historical_Daily_344,03/02/2023,03/02/2023
Historical_Daily_345,04/02/2023,04/02/2023
Historical_Daily_346,05/02/2023,05/02/2023
Historical_Daily_347,06/02/2023,06/02/2023
Historical_Daily_348,07/02/2023,07/02/2023
Historical_Daily_349,08/02/2023,08/02/2023
Historical_Daily_350,09/02/2023,09/02/2023
Historical_Daily_351,10/02/2023,10/02/2023
Historical_Daily_352,11/02/2023,11/02/2023
Historical_Daily_353,12/02/2023,12/02/2023
Historical_Daily_354,13/02/2023,13/02/2023
Historical_Daily_355,14/02/2023,14/02/2023
Historical_Daily_356,15/02/2023,15/02/2023
Historical_Daily_357,16/02/2023,16/02/2023
Historical_Daily_358,17/02/2023,17/02/2023
Historical_Daily_359,18/02/2023,18/02/2023
Historical_Daily_360,19/02/2023,19/02/2023
Historical_Daily_361,20/02/2023,20/02/2023
Historical_Daily_362,21/02/2023,21/02/2023
Historical_Daily_363,22/02/2023,22/02/2023
Historical_Daily_364,23/02/2023,23/02/2023
Historical_Daily_365,24/02/2023,24/02/2023
Historical_Daily_366,25/02/2023,25/02/2023
Historical_Daily_367,26/02/2023,26/02/2023
Historical_Daily_368,27/02/2023,27/02/2023
Historical_Daily_369,28/02/2023,28/02/2023
Historical_Daily_370,01/03/2023,01/03/2023
Historical_Daily_371,02/03/2023,02/03/2023
Historical_Daily_372,03/03/2023,03/03/2023
Historical_Daily_373,04/03/2023,04/03/2023
Historical_Daily_374,05/03/2023,05/03/2023
Historical_Daily_375,06/03/2023,06/03/2023
Historical_Daily_376,07/03/2023,07/03/2023
Historical_Daily_377,08/03/2023,08/03/2023
Historical_Daily_378,09/03/2023,09/03/2023
Historical_Daily_379,10/03/2023,10/03/2023
Historical_Daily_380,11/03/2023,11/03/2023
Historical_Daily_381,12/03/2023,12/03/2023
Historical_Daily_382,13/03/2023,13/03/2023
Historical_Daily_383,14/03/2023,14/03/2023
Historical_Daily_384,15/03/2023,15/03/2023
Historical_Daily_385,16/03/2023,16/03/2023
Historical_Daily_386,17/03/2023,17/03/2023
Historical_Daily_387,18/03/2023,18/03/2023
Historical_Daily_388,19/03/2023,19/03/2023
Historical_Daily_389,20/03/2023,20/03/2023
Historical_Daily_390,21/03/2023,21/03/2023
Historical_Daily_391,22/03/2023,22/03/2023
Historical_Daily_392,23/03/2023,23/03/2023
Historical_Daily_393,24/03/2023,24/03/2023
Historical_Daily_394,25/03/2023,25/03/2023
Historical_Daily_395,26/03/2023,26/03/2023
Historical_Daily_396,27/03/2023,27/03/2023
Historical_Daily_397,28/03/2023,28/03/2023
Historical_Daily_398,29/03/2023,29/03/2023
Historical_Daily_399,30/03/2023,30/03/2023
Historical_Daily_400,31/03/2023,31/03/2023
Historical_Daily_401,01/04/2023,01/04/2023
Historical_Daily_402,02/04/2023,02/04/2023
Historical_Daily_403,03/04/2023,03/04/2023
Historical_Daily_404,04/04/2023,04/04/2023
Historical_Daily_405,05/04/2023,05/04/2023
Historical_Daily_406,06/04/2023,06/04/2023
Historical_Daily_407,07/04/2023,07/04/2023
Historical_Daily_408,08/04/2023,08/04/2023
Historical_Daily_409,09/04/2023,09/04/2023
Historical_Daily_410,10/04/2023,10/04/2023
Historical_Daily_411,11/04/2023,11/04/2023
Historical_Daily_412,12/04/2023,12/04/2023
Historical_Daily_413,13/04/2023,13/04/2023
Historical_Daily_414,14/04/2023,14/04/2023
Historical_Daily_415,15/04/2023,15/04/2023
Historical_Daily_416,16/04/2023,16/04/2023
Historical_Daily_417,17/04/2023,17/04/2023
Historical_Daily_418,18/04/2023,18/04/2023
Historical_Daily_419,19/04/2023,19/04/2023
Historical_Daily_420,20/04/2023,20/04/2023
Historical_Daily_421,21/04/2023,21/04/2023
Historical_Daily_422,22/04/2023,22/04/2023
Historical_Daily_423,23/04/2023,23/04/2023
Historical_Daily_424,24/04/2023,24/04/2023
Historical_Daily_425,25/04/2023,25/04/2023
Historical_Daily_426,26/04/2023,26/04/2023
Historical_Daily_427,27/04/2023,27/04/2023
Historical_Daily_428,28/04/2023,28/04/2023
Historical_Daily_429,29/04/2023,29/04/2023
Historical_Daily_430,30/04/2023,30/04/2023
Historical_Daily_431,01/05/2023,01/05/2023
Historical_Daily_432,02/05/2023,02/05/2023
Historical_Daily_433,03/05/2023,03/05/2023
Historical_Daily_434,04/05/2023,04/05/2023
Historical_Daily_435,05/05/2023,05/05/2023
Historical_Daily_436,06/05/2023,06/05/2023
Historical_Daily_437,07/05/2023,07/05/2023
Historical_Daily_438,08/05/2023,08/05/2023
Historical_Daily_439,09/05/2023,09/05/2023
Historical_Daily_440,10/05/2023,10/05/2023
Historical_Daily_441,11/05/2023,11/05/2023
Historical_Daily_442,12/05/2023,12/05/2023
Historical_Daily_443,13/05/2023,13/05/2023
Historical_Daily_444,14/05/2023,14/05/2023
Historical_Daily_445,15/05/2023,15/05/2023
Historical_Daily_446,16/05/2023,16/05/2023
Historical_Daily_447,17/05/2023,17/05/2023
Historical_Daily_448,18/05/2023,18/05/2023
Historical_Daily_449,19/05/2023,19/05/2023
Historical_Daily_450,20/05/2023,20/05/2023
Historical_Daily_451,21/05/2023,21/05/2023
Historical_Daily_452,22/05/2023,22/05/2023
Historical_Daily_453,23/05/2023,23/05/2023
Historical_Daily_454,24/05/2023,24/05/2023
Historical_Daily_455,25/05/2023,25/05/2023
Historical_Daily_456,26/05/2023,26/05/2023
Historical_Daily_457,27/05/2023,27/05/2023
Historical_Daily_458,28/05/2023,28/05/2023
Historical_Daily_459,29/05/2023,29/05/2023
Historical_Daily_460,30/05/2023,30/05/2023
Historical_Daily_461,31/05/2023,31/05/2023
Historical_Daily_462,01/06/2023,01/06/2023
Historical_Daily_463,02/06/2023,02/06/2023
Historical_Daily_464,03/06/2023,03/06/2023
Historical_Daily_465,04/06/2023,04/06/2023
Historical_Daily_466,05/06/2023,05/06/2023
Historical_Daily_467,06/06/2023,06/06/2023
Historical_Daily_468,07/06/2023,07/06/2023
Historical_Daily_469,08/06/2023,08/06/2023
Historical_Daily_470,09/06/2023,09/06/2023
Historical_Daily_471,10/06/2023,10/06/2023
Historical_Daily_472,11/06/2023,11/06/2023
Historical_Daily_473,12/06/2023,12/06/2023
Historical_Daily_474,13/06/2023,13/06/2023
Historical_Daily_475,14/06/2023,14/06/2023
Historical_Daily_476,15/06/2023,15/06/2023
Historical_Daily_477,16/06/2023,16/06/2023
Historical_Daily_478,17/06/2023,17/06/2023
Historical_Daily_479,18/06/2023,18/06/2023
Historical_Daily_480,19/06/2023,19/06/2023
Historical_Daily_481,20/06/2023,20/06/2023
Historical_Daily_482,21/06/2023,21/06/2023
Historical_Daily_483,22/06/2023,22/06/2023
Historical_Daily_484,23/06/2023,23/06/2023
Historical_Daily_485,24/06/2023,24/06/2023
Historical_Daily_486,25/06/2023,25/06/2023
Historical_Daily_487,26/06/2023,26/06/2023
Historical_Daily_488,27/06/2023,27/06/2023
Historical_Daily_489,28/06/2023,28/06/2023
Historical_Daily_490,29/06/2023,29/06/2023
Historical_Daily_491,30/06/2023,30/06/2023
Historical_Daily_492,01/07/2023,01/07/2023
Historical_Daily_493,02/07/2023,02/07/2023
Historical_Daily_494,03/07/2023,03/07/2023
Historical_Daily_495,04/07/2023,04/07/2023
Historical_Daily_496,05/07/2023,05/07/2023
Historical_Daily_497,06/07/2023,06/07/2023
Historical_Daily_498,07/07/2023,07/07/2023
Historical_Daily_499,08/07/2023,08/07/2023
Historical_Daily_500,09/07/2023,09/07/2023
Historical_Daily_501,10/07/2023,10/07/2023
Historical_Daily_502,11/07/2023,11/07/2023
Historical_Daily_503,12/07/2023,12/07/2023
Historical_Daily_504,13/07/2023,13/07/2023
Historical_Daily_505,14/07/2023,14/07/2023
Historical_Daily_506,15/07/2023,15/07/2023
Historical_Daily_507,16/07/2023,16/07/2023
Historical_Daily_508,17/07/2023,17/07/2023
Historical_Daily_509,18/07/2023,18/07/2023
Historical_Daily_510,19/07/2023,19/07/2023
Historical_Daily_511,20/07/2023,20/07/2023
Historical_Daily_512,21/07/2023,21/07/2023
Historical_Daily_513,22/07/2023,22/07/2023
Historical_Daily_514,23/07/2023,23/07/2023
Historical_Daily_515,24/07/2023,24/07/2023
Historical_Daily_516,25/07/2023,25/07/2023
Historical_Daily_517,26/07/2023,26/07/2023
Historical_Daily_518,27/07/2023,27/07/2023
Historical_Daily_519,28/07/2023,28/07/2023
Historical_Daily_520,29/07/2023,29/07/2023
Historical_Daily_521,30/07/2023,30/07/2023
Historical_Daily_522,31/07/2023,31/07/2023
Historical_Daily_523,01/08/2023,01/08/2023
Historical_Daily_524,02/08/2023,02/08/2023
Historical_Daily_525,03/08/2023,03/08/2023
Historical_Daily_526,04/08/2023,04/08/2023
Historical_Daily_527,05/08/2023,05/08/2023
Historical_Daily_528,06/08/2023,06/08/2023
Historical_Daily_529,07/08/2023,07/08/2023
Historical_Daily_530,08/08/2023,08/08/2023
Historical_Daily_531,09/08/2023,09/08/2023
Historical_Daily_532,10/08/2023,10/08/2023
Historical_Daily_533,11/08/2023,11/08/2023
Historical_Daily_534,12/08/2023,12/08/2023
Historical_Daily_535,13/08/2023,13/08/2023
Historical_Daily_536,14/08/2023,14/08/2023
Historical_Daily_537,15/08/2023,15/08/2023
Historical_Daily_538,16/08/2023,16/08/2023
Historical_Daily_539,17/08/2023,17/08/2023
Historical_Daily_540,18/08/2023,18/08/2023
Historical_Daily_541,19/08/2023,19/08/2023
Historical_Daily_542,20/08/2023,20/08/2023
Historical_Daily_543,21/08/2023,21/08/2023
Historical_Daily_544,22/08/2023,22/08/2023
Historical_Daily_545,23/08/2023,23/08/2023
Historical_Daily_546,24/08/2023,24/08/2023
Historical_Daily_547,25/08/2023,25/08/2023
Historical_Daily_548,26/08/2023,26/08/2023
Historical_Daily_549,27/08/2023,27/08/2023
Historical_Daily_550,28/08/2023,28/08/2023
Historical_Daily_551,29/08/2023,29/08/2023
Historical_Daily_552,30/08/2023,30/08/2023
Historical_Daily_553,31/08/2023,31/08/2023
Historical_Daily_554,01/09/2023,01/09/2023
Historical_Daily_555,02/09/2023,02/09/2023
Historical_Daily_556,03/09/2023,03/09/2023
Historical_Daily_557,04/09/2023,04/09/2023
Historical_Daily_558,05/09/2023,05/09/2023
Historical_Daily_559,06/09/2023,06/09/2023
Historical_Daily_560,07/09/2023,07/09/2023
Historical_Daily_561,08/09/2023,08/09/2023
Historical_Daily_562,09/09/2023,09/09/2023
Historical_Daily_563,10/09/2023,10/09/2023
Historical_Daily_564,11/09/2023,11/09/2023
Historical_Daily_565,12/09/2023,12/09/2023
Historical_Daily_566,13/09/2023,13/09/2023
Historical_Daily_567,14/09/2023,14/09/2023
Historical_Daily_568,15/09/2023,15/09/2023
Historical_Daily_569,16/09/2023,16/09/2023
Historical_Daily_570,17/09/2023,17/09/2023
Historical_Daily_571,18/09/2023,18/09/2023
Historical_Daily_572,19/09/2023,19/09/2023
Historical_Daily_573,20/09/2023,20/09/2023
Historical_Daily_574,21/09/2023,21/09/2023
Historical_Daily_575,22/09/2023,22/09/2023
Historical_Daily_576,23/09/2023,23/09/2023
Historical_Daily_577,24/09/2023,24/09/2023
Historical_Daily_578,25/09/2023,25/09/2023
Historical_Daily_579,26/09/2023,26/09/2023
Historical_Daily_580,27/09/2023,27/09/2023
Historical_Daily_581,28/09/2023,28/09/2023
Historical_Daily_582,29/09/2023,29/09/2023
Historical_Daily_583,30/09/2023,30/09/2023
Historical_Daily_584,01/10/2023,01/10/2023
Historical_Daily_585,02/10/2023,02/10/2023
Historical_Daily_586,03/10/2023,03/10/2023
Historical_Daily_587,04/10/2023,04/10/2023
Historical_Daily_588,05/10/2023,05/10/2023
Historical_Daily_589,06/10/2023,06/10/2023
Historical_Daily_590,07/10/2023,07/10/2023
Historical_Daily_591,08/10/2023,08/10/2023
Historical_Daily_592,09/10/2023,09/10/2023
Historical_Daily_593,10/10/2023,10/10/2023
Historical_Daily_594,11/10/2023,11/10/2023
Historical_Daily_595,12/10/2023,12/10/2023
Historical_Daily_596,13/10/2023,13/10/2023
Historical_Daily_597,14/10/2023,14/10/2023
Historical_Daily_598,15/10/2023,15/10/2023
Historical_Daily_599,16/10/2023,16/10/2023
Historical_Daily_600,17/10/2023,17/10/2023
Historical_Daily_601,18/10/2023,18/10/2023
Historical_Daily_602,19/10/2023,19/10/2023
Historical_Daily_603,20/10/2023,20/10/2023
Historical_Daily_604,21/10/2023,21/10/2023
Historical_Daily_605,22/10/2023,22/10/2023
Historical_Daily_606,23/10/2023,23/10/2023
Historical_Daily_607,24/10/2023,24/10/2023
Historical_Daily_608,25/10/2023,25/10/2023
Historical_Daily_609,26/10/2023,26/10/2023
Historical_Daily_610,27/10/2023,27/10/2023
Historical_Daily_611,28/10/2023,28/10/2023
Historical_Daily_612,29/10/2023,29/10/2023
Historical_Daily_613,30/10/2023,30/10/2023
Historical_Daily_614,31/10/2023,31/10/2023
Historical_Daily_615,01/11/2023,01/11/2023
Historical_Daily_616,02/11/2023,02/11/2023
Historical_Daily_617,03/11/2023,03/11/2023
Historical_Daily_618,04/11/2023,04/11/2023
Historical_Daily_619,05/11/2023,05/11/2023
Historical_Daily_620,06/11/2023,06/11/2023
Historical_Daily_621,07/11/2023,07/11/2023
Historical_Daily_622,08/11/2023,08/11/2023
Historical_Daily_623,09/11/2023,09/11/2023
Historical_Daily_624,10/11/2023,10/11/2023
Historical_Daily_625,11/11/2023,11/11/2023
Historical_Daily_626,12/11/2023,12/11/2023
Historical_Daily_627,13/11/2023,13/11/2023
Historical_Daily_628,14/11/2023,14/11/2023
Historical_Daily_629,15/11/2023,15/11/2023
Historical_Daily_630,16/11/2023,16/11/2023
Historical_Daily_631,17/11/2023,17/11/2023
Historical_Daily_632,18/11/2023,18/11/2023
Historical_Daily_633,19/11/2023,19/11/2023
Historical_Daily_634,20/11/2023,20/11/2023
Historical_Daily_635,21/11/2023,21/11/2023
Historical_Daily_636,22/11/2023,22/11/2023
Historical_Daily_637,23/11/2023,23/11/2023
Historical_Daily_638,24/11/2023,24/11/2023
Historical_Daily_639,25/11/2023,25/11/2023
Historical_Daily_640,26/11/2023,26/11/2023
Historical_Daily_641,27/11/2023,27/11/2023
Historical_Daily_642,28/11/2023,28/11/2023
Historical_Daily_643,29/11/2023,29/11/2023
Historical_Daily_644,30/11/2023,30/11/2023
Historical_Daily_645,01/12/2023,01/12/2023
Historical_Daily_646,02/12/2023,02/12/2023
Historical_Daily_647,03/12/2023,03/12/2023
Historical_Daily_648,04/12/2023,04/12/2023
Historical_Daily_649,05/12/2023,05/12/2023
Historical_Daily_650,06/12/2023,06/12/2023
Historical_Daily_651,07/12/2023,07/12/2023
Historical_Daily_652,08/12/2023,08/12/2023
Historical_Daily_653,09/12/2023,09/12/2023
Historical_Daily_654,10/12/2023,10/12/2023
Historical_Daily_655,11/12/2023,11/12/2023
Historical_Daily_656,12/12/2023,12/12/2023
Historical_Daily_657,13/12/2023,13/12/2023
Historical_Daily_658,14/12/2023,14/12/2023
Historical_Daily_659,15/12/2023,15/12/2023
Historical_Daily_660,16/12/2023,16/12/2023
Historical_Daily_661,17/12/2023,17/12/2023
Historical_Daily_662,18/12/2023,18/12/2023
Historical_Daily_663,19/12/2023,19/12/2023
Historical_Daily_664,20/12/2023,20/12/2023
Historical_Daily_665,21/12/2023,21/12/2023
Historical_Daily_666,22/12/2023,22/12/2023
Historical_Daily_667,23/12/2023,23/12/2023
Historical_Daily_668,24/12/2023,24/12/2023
Historical_Daily_669,25/12/2023,25/12/2023
Historical_Daily_670,26/12/2023,26/12/2023
Historical_Daily_671,27/12/2023,27/12/2023
Historical_Daily_672,28/12/2023,28/12/2023
Historical_Daily_673,29/12/2023,29/12/2023
Historical_Daily_674,30/12/2023,30/12/2023
Historical_Daily_675,31/12/2023,31/12/2023
Historical_Daily_676,01/01/2024,01/01/2024
Historical_Daily_677,02/01/2024,02/01/2024
Historical_Daily_678,03/01/2024,03/01/2024
Historical_Daily_679,04/01/2024,04/01/2024
Historical_Daily_680,05/01/2024,05/01/2024
Historical_Daily_681,06/01/2024,06/01/2024
Historical_Daily_682,07/01/2024,07/01/2024
Historical_Daily_683,08/01/2024,08/01/2024
Historical_Daily_684,09/01/2024,09/01/2024
Historical_Daily_685,10/01/2024,10/01/2024
Historical_Daily_686,11/01/2024,11/01/2024
Historical_Daily_687,12/01/2024,12/01/2024
Historical_Daily_688,13/01/2024,13/01/2024
Historical_Daily_689,14/01/2024,14/01/2024
Historical_Daily_690,15/01/2024,15/01/2024
Historical_Daily_691,16/01/2024,16/01/2024
Historical_Daily_692,17/01/2024,17/01/2024
Historical_Daily_693,18/01/2024,18/01/2024
Historical_Daily_694,19/01/2024,19/01/2024
Historical_Daily_695,20/01/2024,20/01/2024
Historical_Daily_696,21/01/2024,21/01/2024
Historical_Daily_697,22/01/2024,22/01/2024
Historical_Daily_698,23/01/2024,23/01/2024
Historical_Daily_699,24/01/2024,24/01/2024
Historical_Daily_700,25/01/2024,25/01/2024
Historical_Daily_701,26/01/2024,26/01/2024
Historical_Daily_702,27/01/2024,27/01/2024
Historical_Daily_703,28/01/2024,28/01/2024
Historical_Daily_704,29/01/2024,29/01/2024
Historical_Daily_705,30/01/2024,30/01/2024
Historical_Daily_706,31/01/2024,31/01/2024
Historical_Daily_707,01/02/2024,01/02/2024
Historical_Daily_708,02/02/2024,02/02/2024
Historical_Daily_709,03/02/2024,03/02/2024
Historical_Daily_710,04/02/2024,04/02/2024
Historical_Daily_711,05/02/2024,05/02/2024
Historical_Daily_712,06/02/2024,06/02/2024
Historical_Daily_713,07/02/2024,07/02/2024
Historical_Daily_714,08/02/2024,08/02/2024
Historical_Daily_715,09/02/2024,09/02/2024
Historical_Daily_716,10/02/2024,10/02/2024
Historical_Daily_717,11/02/2024,11/02/2024
Historical_Daily_718,12/02/2024,12/02/2024
Historical_Daily_719,13/02/2024,13/02/2024
Historical_Daily_720,14/02/2024,14/02/2024
Historical_Daily_721,15/02/2024,15/02/2024
Historical_Daily_722,16/02/2024,16/02/2024
Historical_Daily_723,17/02/2024,17/02/2024
Historical_Daily_724,18/02/2024,18/02/2024
Historical_Daily_725,19/02/2024,19/02/2024
Historical_Daily_726,20/02/2024,20/02/2024
Historical_Daily_727,21/02/2024,21/02/2024
Historical_Daily_728,22/02/2024,22/02/2024
Historical_Daily_729,23/02/2024,23/02/2024
Historical_Daily_730,24/02/2024,24/02/2024
Historical_Daily_731,25/02/2024,25/02/2024
Historical_Daily_732,26/02/2024,26/02/2024
Historical_Daily_733,27/02/2024,27/02/2024
Historical_Daily_734,28/02/2024,28/02/2024
Historical_Daily_735,29/02/2024,29/02/2024
Historical_Daily_736,01/03/2024,01/03/2024
Historical_Daily_737,02/03/2024,02/03/2024
Historical_Daily_738,03/03/2024,03/03/2024
Historical_Daily_739,04/03/2024,04/03/2024
Historical_Daily_740,05/03/2024,05/03/2024
Historical_Daily_741,06/03/2024,06/03/2024
Historical_Daily_742,07/03/2024,07/03/2024
Historical_Daily_743,08/03/2024,08/03/2024
Historical_Daily_744,09/03/2024,09/03/2024
Historical_Daily_745,10/03/2024,10/03/2024
Historical_Daily_746,11/03/2024,11/03/2024
Historical_Daily_747,12/03/2024,12/03/2024
Historical_Daily_748,13/03/2024,13/03/2024
Historical_Daily_749,14/03/2024,14/03/2024
Historical_Daily_750,15/03/2024,15/03/2024
Historical_Daily_751,16/03/2024,16/03/2024
Historical_Daily_752,17/03/2024,17/03/2024
Historical_Daily_753,18/03/2024,18/03/2024
Historical_Daily_754,19/03/2024,19/03/2024
Historical_Daily_755,20/03/2024,20/03/2024
Historical_Daily_756,21/03/2024,21/03/2024
Historical_Daily_757,22/03/2024,22/03/2024
Historical_Daily_758,23/03/2024,23/03/2024
Historical_Daily_759,24/03/2024,24/03/2024
Historical_Daily_760,25/03/2024,25/03/2024
Historical_Daily_761,26/03/2024,26/03/2024
Historical_Daily_762,27/03/2024,27/03/2024
Historical_Daily_763,28/03/2024,28/03/2024
Historical_Daily_764,29/03/2024,29/03/2024
Historical_Daily_765,30/03/2024,30/03/2024
Historical_Daily_766,31/03/2024,31/03/2024
Historical_Daily_767,01/04/2024,01/04/2024
Historical_Daily_768,02/04/2024,02/04/2024
Historical_Daily_769,03/04/2024,03/04/2024
Historical_Daily_770,04/04/2024,04/04/2024
Historical_Daily_771,05/04/2024,05/04/2024
Historical_Daily_772,06/04/2024,06/04/2024
Historical_Daily_773,07/04/2024,07/04/2024
Historical_Daily_774,08/04/2024,08/04/2024
Historical_Daily_775,09/04/2024,09/04/2024
Historical_Daily_776,10/04/2024,10/04/2024
Historical_Daily_777,11/04/2024,11/04/2024
Historical_Daily_778,12/04/2024,12/04/2024
Historical_Daily_779,13/04/2024,13/04/2024
Historical_Daily_780,14/04/2024,14/04/2024
Historical_Daily_781,15/04/2024,15/04/2024
Historical_Daily_782,16/04/2024,16/04/2024
Historical_Daily_783,17/04/2024,17/04/2024
Historical_Daily_784,18/04/2024,18/04/2024
Historical_Daily_785,19/04/2024,19/04/2024
Historical_Daily_786,20/04/2024,20/04/2024
Historical_Daily_787,21/04/2024,21/04/2024
Historical_Daily_788,22/04/2024,22/04/2024
Historical_Daily_789,23/04/2024,23/04/2024
Historical_Daily_790,24/04/2024,24/04/2024
Historical_Daily_791,25/04/2024,25/04/2024
Historical_Daily_792,26/04/2024,26/04/2024
Historical_Daily_793,27/04/2024,27/04/2024
Historical_Daily_794,28/04/2024,28/04/2024
Historical_Daily_795,29/04/2024,29/04/2024
Historical_Daily_796,30/04/2024,30/04/2024
Historical_Daily_797,01/05/2024,01/05/2024
Historical_Daily_798,02/05/2024,02/05/2024
Historical_Daily_799,03/05/2024,03/05/2024
Historical_Daily_800,04/05/2024,04/05/2024
Historical_Daily_801,05/05/2024,05/05/2024
Historical_Daily_802,06/05/2024,06/05/2024
Historical_Daily_803,07/05/2024,07/05/2024
Historical_Daily_804,08/05/2024,08/05/2024
Historical_Daily_805,09/05/2024,09/05/2024
Historical_Daily_806,10/05/2024,10/05/2024
Historical_Daily_807,11/05/2024,11/05/2024
Historical_Daily_808,12/05/2024,12/05/2024
Historical_Daily_809,13/05/2024,13/05/2024
Historical_Daily_810,14/05/2024,14/05/2024
Historical_Daily_811,15/05/2024,15/05/2024
Historical_Daily_812,16/05/2024,16/05/2024
Historical_Daily_813,17/05/2024,17/05/2024
Historical_Daily_814,18/05/2024,18/05/2024
Historical_Daily_815,19/05/2024,19/05/2024
Historical_Daily_816,20/05/2024,20/05/2024
Historical_Daily_817,21/05/2024,21/05/2024
Historical_Daily_818,22/05/2024,22/05/2024
Historical_Daily_819,23/05/2024,23/05/2024
Historical_Daily_820,24/05/2024,24/05/2024
Historical_Daily_821,25/05/2024,25/05/2024
Historical_Daily_822,26/05/2024,26/05/2024
Historical_Daily_823,27/05/2024,27/05/2024
Historical_Daily_824,28/05/2024,28/05/2024
Historical_Daily_825,29/05/2024,29/05/2024
Historical_Daily_826,30/05/2024,30/05/2024
Historical_Daily_827,31/05/2024,31/05/2024
Historical_Daily_828,01/06/2024,01/06/2024
Historical_Daily_829,02/06/2024,02/06/2024
Historical_Daily_830,03/06/2024,03/06/2024
Historical_Daily_831,04/06/2024,04/06/2024
Historical_Daily_832,05/06/2024,05/06/2024
Historical_Daily_833,06/06/2024,06/06/2024
Historical_Daily_834,07/06/2024,07/06/2024
Historical_Daily_835,08/06/2024,08/06/2024
Historical_Daily_836,09/06/2024,09/06/2024
Historical_Daily_837,10/06/2024,10/06/2024
Historical_Daily_838,11/06/2024,11/06/2024
Historical_Daily_839,12/06/2024,12/06/2024
Historical_Daily_840,13/06/2024,13/06/2024
Historical_Daily_841,14/06/2024,14/06/2024
Historical_Daily_842,15/06/2024,15/06/2024
Historical_Daily_843,16/06/2024,16/06/2024
Historical_Daily_844,17/06/2024,17/06/2024
Historical_Daily_845,18/06/2024,18/06/2024
Historical_Daily_846,19/06/2024,19/06/2024
Historical_Daily_847,20/06/2024,20/06/2024
Historical_Daily_848,21/06/2024,21/06/2024
Historical_Daily_849,22/06/2024,22/06/2024
Historical_Daily_850,23/06/2024,23/06/2024
Historical_Daily_851,24/06/2024,24/06/2024
Historical_Daily_852,25/06/2024,25/06/2024
Historical_Daily_853,26/06/2024,26/06/2024
Historical_Daily_854,27/06/2024,27/06/2024
Historical_Daily_855,28/06/2024,28/06/2024
Historical_Daily_856,29/06/2024,29/06/2024
Historical_Daily_857,30/06/2024,30/06/2024
Historical_Daily_858,01/07/2024,01/07/2024
Historical_Daily_859,02/07/2024,02/07/2024
Historical_Daily_860,03/07/2024,03/07/2024
Historical_Daily_861,04/07/2024,04/07/2024
Historical_Daily_862,05/07/2024,05/07/2024
Historical_Daily_863,06/07/2024,06/07/2024
Historical_Daily_864,07/07/2024,07/07/2024
Historical_Daily_865,08/07/2024,08/07/2024
Historical_Daily_866,09/07/2024,09/07/2024
Historical_Daily_867,10/07/2024,10/07/2024
Historical_Daily_868,11/07/2024,11/07/2024
Historical_Daily_869,12/07/2024,12/07/2024
Historical_Daily_870,13/07/2024,13/07/2024
Historical_Daily_871,14/07/2024,14/07/2024
Historical_Daily_872,15/07/2024,15/07/2024
Historical_Daily_873,16/07/2024,16/07/2024
Historical_Daily_874,17/07/2024,17/07/2024
Historical_Daily_875,18/07/2024,18/07/2024
Historical_Daily_876,19/07/2024,19/07/2024
Historical_Daily_877,20/07/2024,20/07/2024
Historical_Daily_878,21/07/2024,21/07/2024
Historical_Daily_879,22/07/2024,22/07/2024
Historical_Daily_880,23/07/2024,23/07/2024
Historical_Daily_881,24/07/2024,24/07/2024
Historical_Daily_882,25/07/2024,25/07/2024
Historical_Daily_883,26/07/2024,26/07/2024
Historical_Daily_884,27/07/2024,27/07/2024
Historical_Daily_885,28/07/2024,28/07/2024
Historical_Daily_886,29/07/2024,29/07/2024
Historical_Daily_887,30/07/2024,30/07/2024
Historical_Daily_888,31/07/2024,31/07/2024
Historical_Daily_889,01/08/2024,01/08/2024
Historical_Daily_890,02/08/2024,02/08/2024
Historical_Daily_891,03/08/2024,03/08/2024
Historical_Daily_892,04/08/2024,04/08/2024
Historical_Daily_893,05/08/2024,05/08/2024
Historical_Daily_894,06/08/2024,06/08/2024
Historical_Daily_895,07/08/2024,07/08/2024
Historical_Daily_896,08/08/2024,08/08/2024
Historical_Daily_897,09/08/2024,09/08/2024
Historical_Daily_898,10/08/2024,10/08/2024
Historical_Daily_899,11/08/2024,11/08/2024
Historical_Daily_900,12/08/2024,12/08/2024
Historical_Daily_901,13/08/2024,13/08/2024
Historical_Daily_902,14/08/2024,14/08/2024
Historical_Daily_903,15/08/2024,15/08/2024
Historical_Daily_904,16/08/2024,16/08/2024
Historical_Daily_905,17/08/2024,17/08/2024
Historical_Daily_906,18/08/2024,18/08/2024
Historical_Daily_907,19/08/2024,19/08/2024
Historical_Daily_908,20/08/2024,20/08/2024
Historical_Daily_909,21/08/2024,21/08/2024
Historical_Daily_910,22/08/2024,22/08/2024
Historical_Daily_911,23/08/2024,23/08/2024
Historical_Daily_912,24/08/2024,24/08/2024
Historical_Daily_913,25/08/2024,25/08/2024
Historical_Daily_914,26/08/2024,26/08/2024
Historical_Daily_915,27/08/2024,27/08/2024
Historical_Daily_916,28/08/2024,28/08/2024
Historical_Daily_917,29/08/2024,29/08/2024
Historical_Daily_918,30/08/2024,30/08/2024
Historical_Daily_919,31/08/2024,31/08/2024
Historical_Daily_920,01/09/2024,01/09/2024
Historical_Daily_921,02/09/2024,02/09/2024
Historical_Daily_922,03/09/2024,03/09/2024
Historical_Daily_923,04/09/2024,04/09/2024
Historical_Daily_924,05/09/2024,05/09/2024
Historical_Daily_925,06/09/2024,06/09/2024
Historical_Daily_926,07/09/2024,07/09/2024
Historical_Daily_927,08/09/2024,08/09/2024
Historical_Daily_928,09/09/2024,09/09/2024
Historical_Daily_929,10/09/2024,10/09/2024
Historical_Daily_930,11/09/2024,11/09/2024
Historical_Daily_931,12/09/2024,12/09/2024
Historical_Daily_932,13/09/2024,13/09/2024
Historical_Daily_933,14/09/2024,14/09/2024
Historical_Daily_934,15/09/2024,15/09/2024
Historical_Daily_935,16/09/2024,16/09/2024
Historical_Daily_936,17/09/2024,17/09/2024
Historical_Daily_937,18/09/2024,18/09/2024
Historical_Daily_938,19/09/2024,19/09/2024
Historical_Daily_939,20/09/2024,20/09/2024
Historical_Daily_940,21/09/2024,21/09/2024
Historical_Daily_941,22/09/2024,22/09/2024
Historical_Daily_942,23/09/2024,23/09/2024
Historical_Daily_943,24/09/2024,24/09/2024
Historical_Daily_944,25/09/2024,25/09/2024
Historical_Daily_945,26/09/2024,26/09/2024
Historical_Daily_946,27/09/2024,27/09/2024
Historical_Daily_947,28/09/2024,28/09/2024
Historical_Daily_948,29/09/2024,29/09/2024
Historical_Daily_949,30/09/2024,30/09/2024
Historical_Daily_950,01/10/2024,01/10/2024
Historical_Daily_951,02/10/2024,02/10/2024
Historical_Daily_952,03/10/2024,03/10/2024
Historical_Daily_953,04/10/2024,04/10/2024
Historical_Daily_954,05/10/2024,05/10/2024
Historical_Daily_955,06/10/2024,06/10/2024
Historical_Daily_956,07/10/2024,07/10/2024
Historical_Daily_957,08/10/2024,08/10/2024
Historical_Daily_958,09/10/2024,09/10/2024
Historical_Daily_959,10/10/2024,10/10/2024
Historical_Daily_960,11/10/2024,11/10/2024
Historical_Daily_961,12/10/2024,12/10/2024
Historical_Daily_962,13/10/2024,13/10/2024
Historical_Daily_963,14/10/2024,14/10/2024
Historical_Daily_964,15/10/2024,15/10/2024
Historical_Daily_965,16/10/2024,16/10/2024
Historical_Daily_966,17/10/2024,17/10/2024
Historical_Daily_967,18/10/2024,18/10/2024
Historical_Daily_968,19/10/2024,19/10/2024
Historical_Daily_969,20/10/2024,20/10/2024
Historical_Daily_970,21/10/2024,21/10/2024
Historical_Daily_971,22/10/2024,22/10/2024
Historical_Daily_972,23/10/2024,23/10/2024
Historical_Daily_973,24/10/2024,24/10/2024
Historical_Daily_974,25/10/2024,25/10/2024
Historical_Daily_975,26/10/2024,26/10/2024
Historical_Daily_976,27/10/2024,27/10/2024
Historical_Daily_977,28/10/2024,28/10/2024
Historical_Daily_978,29/10/2024,29/10/2024
Historical_Daily_979,30/10/2024,30/10/2024
Historical_Daily_980,31/10/2024,31/10/2024
Historical_Daily_981,01/11/2024,01/11/2024
Historical_Daily_982,02/11/2024,02/11/2024
Historical_Daily_983,03/11/2024,03/11/2024
Historical_Daily_984,04/11/2024,04/11/2024
Historical_Daily_985,05/11/2024,05/11/2024
Historical_Daily_986,06/11/2024,06/11/2024
Historical_Daily_987,07/11/2024,07/11/2024
Historical_Daily_988,08/11/2024,08/11/2024
Historical_Daily_989,09/11/2024,09/11/2024
Historical_Daily_990,10/11/2024,10/11/2024
Historical_Daily_991,11/11/2024,11/11/2024
Historical_Daily_992,12/11/2024,12/11/2024
Historical_Daily_993,13/11/2024,13/11/2024
Historical_Daily_994,14/11/2024,14/11/2024
Historical_Daily_995,15/11/2024,15/11/2024
Historical_Daily_996,16/11/2024,16/11/2024
Historical_Daily_997,17/11/2024,17/11/2024
Historical_Daily_998,18/11/2024,18/11/2024
Historical_Daily_999,19/11/2024,19/11/2024
Historical_Daily_1000,20/11/2024,20/11/2024
Historical_Daily_1001,21/11/2024,21/11/2024
Historical_Daily_1002,22/11/2024,22/11/2024
Historical_Daily_1003,23/11/2024,23/11/2024
Historical_Daily_1004,24/11/2024,24/11/2024
Historical_Daily_1005,25/11/2024,25/11/2024
Historical_Daily_1006,26/11/2024,26/11/2024
Historical_Daily_1007,27/11/2024,27/11/2024
Historical_Daily_1008,28/11/2024,28/11/2024
Historical_Daily_1009,29/11/2024,29/11/2024
Historical_Daily_1010,30/11/2024,30/11/2024
Historical_Daily_1011,01/12/2024,01/12/2024
Historical_Daily_1012,02/12/2024,02/12/2024
Historical_Daily_1013,03/12/2024,03/12/2024
Historical_Daily_1014,04/12/2024,04/12/2024
Historical_Daily_1015,05/12/2024,05/12/2024
Historical_Daily_1016,06/12/2024,06/12/2024
Historical_Daily_1017,07/12/2024,07/12/2024
Historical_Daily_1018,08/12/2024,08/12/2024
Historical_Daily_1019,09/12/2024,09/12/2024
Historical_Daily_1020,10/12/2024,10/12/2024
Historical_Daily_1021,11/12/2024,11/12/2024
Historical_Daily_1022,12/12/2024,12/12/2024
Historical_Daily_1023,13/12/2024,13/12/2024
Historical_Daily_1024,14/12/2024,14/12/2024
Historical_Daily_1025,15/12/2024,15/12/2024
Historical_Daily_1026,16/12/2024,16/12/2024
Historical_Daily_1027,17/12/2024,17/12/2024
Historical_Daily_1028,18/12/2024,18/12/2024
Historical_Daily_1029,19/12/2024,19/12/2024
Historical_Daily_1030,20/12/2024,20/12/2024
Historical_Daily_1031,21/12/2024,21/12/2024
Historical_Daily_1032,22/12/2024,22/12/2024
Historical_Daily_1033,23/12/2024,23/12/2024
Historical_Daily_1034,24/12/2024,24/12/2024
Historical_Daily_1035,25/12/2024,25/12/2024
Historical_Daily_1036,26/12/2024,26/12/2024
Historical_Daily_1037,27/12/2024,27/12/2024
Historical_Daily_1038,28/12/2024,28/12/2024
Historical_Daily_1039,29/12/2024,29/12/2024
Historical_Daily_1040,30/12/2024,30/12/2024
Historical_Daily_1041,31/12/2024,31/12/2024
Historical_Daily_1042,01/01/2025,01/01/2025
Historical_Daily_1043,02/01/2025,02/01/2025
Historical_Daily_1044,03/01/2025,03/01/2025
Historical_Daily_1045,04/01/2025,04/01/2025
Historical_Daily_1046,05/01/2025,05/01/2025
Historical_Daily_1047,06/01/2025,06/01/2025
Historical_Daily_1048,07/01/2025,07/01/2025
Historical_Daily_1049,08/01/2025,08/01/2025
Historical_Daily_1050,09/01/2025,09/01/2025
Historical_Daily_1051,10/01/2025,10/01/2025
Historical_Daily_1052,11/01/2025,11/01/2025
Historical_Daily_1053,12/01/2025,12/01/2025
Historical_Daily_1054,13/01/2025,13/01/2025
Historical_Daily_1055,14/01/2025,14/01/2025
Historical_Daily_1056,15/01/2025,15/01/2025
Historical_Daily_1057,16/01/2025,16/01/2025
Historical_Daily_1058,17/01/2025,17/01/2025
Historical_Daily_1059,18/01/2025,18/01/2025
Historical_Daily_1060,19/01/2025,19/01/2025
Historical_Daily_1061,20/01/2025,20/01/2025
Historical_Daily_1062,21/01/2025,21/01/2025
Historical_Daily_1063,22/01/2025,22/01/2025
Historical_Daily_1064,23/01/2025,23/01/2025
Historical_Daily_1065,24/01/2025,24/01/2025
Historical_Daily_1066,25/01/2025,25/01/2025
Historical_Daily_1067,26/01/2025,26/01/2025
Historical_Daily_1068,27/01/2025,27/01/2025
Historical_Daily_1069,28/01/2025,28/01/2025
Historical_Daily_1070,29/01/2025,29/01/2025
Historical_Daily_1071,30/01/2025,30/01/2025
Historical_Daily_1072,31/01/2025,31/01/2025
Historical_Daily_1073,01/02/2025,01/02/2025
Historical_Daily_1074,02/02/2025,02/02/2025
Historical_Daily_1075,03/02/2025,03/02/2025
Historical_Daily_1076,04/02/2025,04/02/2025
Historical_Daily_1077,05/02/2025,05/02/2025
Historical_Daily_1078,06/02/2025,06/02/2025
Historical_Daily_1079,07/02/2025,07/02/2025
Historical_Daily_1080,08/02/2025,08/02/2025
Historical_Daily_1081,09/02/2025,09/02/2025
Historical_Daily_1082,10/02/2025,10/02/2025
Historical_Daily_1083,11/02/2025,11/02/2025
Historical_Daily_1084,12/02/2025,12/02/2025
Historical_Daily_1085,13/02/2025,13/02/2025
Historical_Daily_1086,14/02/2025,14/02/2025
Historical_Daily_1087,15/02/2025,15/02/2025
Historical_Daily_1088,16/02/2025,16/02/2025
Historical_Daily_1089,17/02/2025,17/02/2025
Historical_Daily_1090,18/02/2025,18/02/2025
Historical_Daily_1091,19/02/2025,19/02/2025
Historical_Daily_1092,20/02/2025,20/02/2025
Historical_Daily_1093,21/02/2025,21/02/2025
Historical_Daily_1094,22/02/2025,22/02/2025
Historical_Daily_1095,23/02/2025,23/02/2025
Future_Weekly_1,24/02/2025,02/03/2025
Future_Weekly_2,03/03/2025,09/03/2025
Future_Weekly_3,10/03/2025,16/03/2025
Future_Weekly_4,17/03/2025,23/03/2025
Future_Weekly_5,24/03/2025,30/03/2025
Future_Weekly_6,31/03/2025,06/04/2025
Future_Weekly_7,07/04/2025,13/04/2025
Future_Weekly_8,14/04/2025,20/04/2025
Future_Weekly_9,21/04/2025,27/04/2025
Future_Weekly_10,28/04/2025,04/05/2025
Future_Weekly_11,05/05/2025,11/05/2025
Future_Weekly_12,12/05/2025,18/05/2025
Future_Weekly_13,19/05/2025,25/05/2025
Historical_Weekly_1,28/02/2022,06/03/2022
Historical_Weekly_2,07/03/2022,13/03/2022
Historical_Weekly_3,14/03/2022,20/03/2022
Historical_Weekly_4,21/03/2022,27/03/2022
Historical_Weekly_5,28/03/2022,03/04/2022
Historical_Weekly_6,04/04/2022,10/04/2022
Historical_Weekly_7,11/04/2022,17/04/2022
Historical_Weekly_8,18/04/2022,24/04/2022
Historical_Weekly_9,25/04/2022,01/05/2022
Historical_Weekly_10,02/05/2022,08/05/2022
Historical_Weekly_11,09/05/2022,15/05/2022
Historical_Weekly_12,16/05/2022,22/05/2022
Historical_Weekly_13,23/05/2022,29/05/2022
Historical_Weekly_14,30/05/2022,05/06/2022
Historical_Weekly_15,06/06/2022,12/06/2022
Historical_Weekly_16,13/06/2022,19/06/2022
Historical_Weekly_17,20/06/2022,26/06/2022
Historical_Weekly_18,27/06/2022,03/07/2022
Historical_Weekly_19,04/07/2022,10/07/2022
Historical_Weekly_20,11/07/2022,17/07/2022
Historical_Weekly_21,18/07/2022,24/07/2022
Historical_Weekly_22,25/07/2022,31/07/2022
Historical_Weekly_23,01/08/2022,07/08/2022
Historical_Weekly_24,08/08/2022,14/08/2022
Historical_Weekly_25,15/08/2022,21/08/2022
Historical_Weekly_26,22/08/2022,28/08/2022
Historical_Weekly_27,29/08/2022,04/09/2022
Historical_Weekly_28,05/09/2022,11/09/2022
Historical_Weekly_29,12/09/2022,18/09/2022
Historical_Weekly_30,19/09/2022,25/09/2022
Historical_Weekly_31,26/09/2022,02/10/2022
Historical_Weekly_32,03/10/2022,09/10/2022
Historical_Weekly_33,10/10/2022,16/10/2022
Historical_Weekly_34,17/10/2022,23/10/2022
Historical_Weekly_35,24/10/2022,30/10/2022
Historical_Weekly_36,31/10/2022,06/11/2022
Historical_Weekly_37,07/11/2022,13/11/2022
Historical_Weekly_38,14/11/2022,20/11/2022
Historical_Weekly_39,21/11/2022,27/11/2022
Historical_Weekly_40,28/11/2022,04/12/2022
Historical_Weekly_41,05/12/2022,11/12/2022
Historical_Weekly_42,12/12/2022,18/12/2022
Historical_Weekly_43,19/12/2022,25/12/2022
Historical_Weekly_44,26/12/2022,01/01/2023
Historical_Weekly_45,02/01/2023,08/01/2023
Historical_Weekly_46,09/01/2023,15/01/2023
Historical_Weekly_47,16/01/2023,22/01/2023
Historical_Weekly_48,23/01/2023,29/01/2023
Historical_Weekly_49,30/01/2023,05/02/2023
Historical_Weekly_50,06/02/2023,12/02/2023
Historical_Weekly_51,13/02/2023,19/02/2023
Historical_Weekly_52,20/02/2023,26/02/2023
Historical_Weekly_53,27/02/2023,05/03/2023
Historical_Weekly_54,06/03/2023,12/03/2023
Historical_Weekly_55,13/03/2023,19/03/2023
Historical_Weekly_56,20/03/2023,26/03/2023
Historical_Weekly_57,27/03/2023,02/04/2023
Historical_Weekly_58,03/04/2023,09/04/2023
Historical_Weekly_59,10/04/2023,16/04/2023
Historical_Weekly_60,17/04/2023,23/04/2023
Historical_Weekly_61,24/04/2023,30/04/2023
Historical_Weekly_62,01/05/2023,07/05/2023
Historical_Weekly_63,08/05/2023,14/05/2023
Historical_Weekly_64,15/05/2023,21/05/2023
Historical_Weekly_65,22/05/2023,28/05/2023
Historical_Weekly_66,29/05/2023,04/06/2023
Historical_Weekly_67,05/06/2023,11/06/2023
Historical_Weekly_68,12/06/2023,18/06/2023
Historical_Weekly_69,19/06/2023,25/06/2023
Historical_Weekly_70,26/06/2023,02/07/2023
Historical_Weekly_71,03/07/2023,09/07/2023
Historical_Weekly_72,10/07/2023,16/07/2023
Historical_Weekly_73,17/07/2023,23/07/2023
Historical_Weekly_74,24/07/2023,30/07/2023
Historical_Weekly_75,31/07/2023,06/08/2023
Historical_Weekly_76,07/08/2023,13/08/2023
Historical_Weekly_77,14/08/2023,20/08/2023
Historical_Weekly_78,21/08/2023,27/08/2023
Historical_Weekly_79,28/08/2023,03/09/2023
Historical_Weekly_80,04/09/2023,10/09/2023
Historical_Weekly_81,11/09/2023,17/09/2023
Historical_Weekly_82,18/09/2023,24/09/2023
Historical_Weekly_83,25/09/2023,01/10/2023
Historical_Weekly_84,02/10/2023,08/10/2023
Historical_Weekly_85,09/10/2023,15/10/2023
Historical_Weekly_86,16/10/2023,22/10/2023
Historical_Weekly_87,23/10/2023,29/10/2023
Historical_Weekly_88,30/10/2023,05/11/2023
Historical_Weekly_89,06/11/2023,12/11/2023
Historical_Weekly_90,13/11/2023,19/11/2023
Historical_Weekly_91,20/11/2023,26/11/2023
Historical_Weekly_92,27/11/2023,03/12/2023
Historical_Weekly_93,04/12/2023,10/12/2023
Historical_Weekly_94,11/12/2023,17/12/2023
Historical_Weekly_95,18/12/2023,24/12/2023
Historical_Weekly_96,25/12/2023,31/12/2023
Historical_Weekly_97,01/01/2024,07/01/2024
Historical_Weekly_98,08/01/2024,14/01/2024
Historical_Weekly_99,15/01/2024,21/01/2024
Historical_Weekly_100,22/01/2024,28/01/2024
Historical_Weekly_101,29/01/2024,04/02/2024
Historical_Weekly_102,05/02/2024,11/02/2024
Historical_Weekly_103,12/02/2024,18/02/2024
Historical_Weekly_104,19/02/2024,25/02/2024
Historical_Weekly_105,26/02/2024,03/03/2024
Historical_Weekly_106,04/03/2024,10/03/2024
Historical_Weekly_107,11/03/2024,17/03/2024
Historical_Weekly_108,18/03/2024,24/03/2024
Historical_Weekly_109,25/03/2024,31/03/2024
Historical_Weekly_110,01/04/2024,07/04/2024
Historical_Weekly_111,08/04/2024,14/04/2024
Historical_Weekly_112,15/04/2024,21/04/2024
Historical_Weekly_113,22/04/2024,28/04/2024
Historical_Weekly_114,29/04/2024,05/05/2024
Historical_Weekly_115,06/05/2024,12/05/2024
Historical_Weekly_116,13/05/2024,19/05/2024
Historical_Weekly_117,20/05/2024,26/05/2024
Historical_Weekly_118,27/05/2024,02/06/2024
Historical_Weekly_119,03/06/2024,09/06/2024
Historical_Weekly_120,10/06/2024,16/06/2024
Historical_Weekly_121,17/06/2024,23/06/2024
Historical_Weekly_122,24/06/2024,30/06/2024
Historical_Weekly_123,01/07/2024,07/07/2024
Historical_Weekly_124,08/07/2024,14/07/2024
Historical_Weekly_125,15/07/2024,21/07/2024
Historical_Weekly_126,22/07/2024,28/07/2024
Historical_Weekly_127,29/07/2024,04/08/2024
Historical_Weekly_128,05/08/2024,11/08/2024
Historical_Weekly_129,12/08/2024,18/08/2024
Historical_Weekly_130,19/08/2024,25/08/2024
Historical_Weekly_131,26/08/2024,01/09/2024
Historical_Weekly_132,02/09/2024,08/09/2024
Historical_Weekly_133,09/09/2024,15/09/2024
Historical_Weekly_134,16/09/2024,22/09/2024
Historical_Weekly_135,23/09/2024,29/09/2024
Historical_Weekly_136,30/09/2024,06/10/2024
Historical_Weekly_137,07/10/2024,13/10/2024
Historical_Weekly_138,14/10/2024,20/10/2024
Historical_Weekly_139,21/10/2024,27/10/2024
Historical_Weekly_140,28/10/2024,03/11/2024
Historical_Weekly_141,04/11/2024,10/11/2024
Historical_Weekly_142,11/11/2024,17/11/2024
Historical_Weekly_143,18/11/2024,24/11/2024
Historical_Weekly_144,25/11/2024,01/12/2024
Historical_Weekly_145,02/12/2024,08/12/2024
Historical_Weekly_146,09/12/2024,15/12/2024
Historical_Weekly_147,16/12/2024,22/12/2024
Historical_Weekly_148,23/12/2024,29/12/2024
Historical_Weekly_149,30/12/2024,05/01/2025
Historical_Weekly_150,06/01/2025,12/01/2025
Historical_Weekly_151,13/01/2025,19/01/2025
Historical_Weekly_152,20/01/2025,26/01/2025
Historical_Weekly_153,27/01/2025,02/02/2025
Historical_Weekly_154,03/02/2025,09/02/2025
Historical_Weekly_155,10/02/2025,16/02/2025
Historical_Weekly_156,17/02/2025,23/02/2025
Future_Monthly_2025-02-24,24/02/2025,23/03/2025
Future_Monthly_2025-03-24,24/03/2025,23/04/2025
Future_Monthly_2025-04-24,24/04/2025,23/05/2025
Future_Monthly_2025-05-24,24/05/2025,23/06/2025
Future_Monthly_2025-06-24,24/06/2025,23/07/2025
Future_Monthly_2025-07-24,24/07/2025,23/08/2025
Future_Monthly_2025-08-24,24/08/2025,23/09/2025
Future_Monthly_2025-09-24,24/09/2025,23/10/2025
Future_Monthly_2025-10-24,24/10/2025,23/11/2025
Future_Monthly_2025-11-24,24/11/2025,23/12/2025
Future_Monthly_2025-12-24,24/12/2025,23/01/2026
Future_Monthly_2026-01-24,24/01/2026,23/02/2026
Future_Monthly_2026-02-24,24/02/2026,23/03/2026
Future_Monthly_2026-03-24,24/03/2026,23/04/2026
Future_Monthly_2026-04-24,24/04/2026,23/05/2026
Future_Monthly_2026-05-24,24/05/2026,23/06/2026
Future_Monthly_2026-06-24,24/06/2026,23/07/2026
Future_Monthly_2026-07-24,24/07/2026,23/08/2026
Historical_Monthly_2022-02-24,24/02/2022,23/03/2022
Historical_Monthly_2022-03-24,24/03/2022,23/04/2022
Historical_Monthly_2022-04-24,24/04/2022,23/05/2022
Historical_Monthly_2022-05-24,24/05/2022,23/06/2022
Historical_Monthly_2022-06-24,24/06/2022,23/07/2022
Historical_Monthly_2022-07-24,24/07/2022,23/08/2022
Historical_Monthly_2022-08-24,24/08/2022,23/09/2022
Historical_Monthly_2022-09-24,24/09/2022,23/10/2022
Historical_Monthly_2022-10-24,24/10/2022,23/11/2022
Historical_Monthly_2022-11-24,24/11/2022,23/12/2022
Historical_Monthly_2022-12-24,24/12/2022,23/01/2023
Historical_Monthly_2023-01-24,24/01/2023,23/02/2023
Historical_Monthly_2023-02-24,24/02/2023,23/03/2023
Historical_Monthly_2023-03-24,24/03/2023,23/04/2023
Historical_Monthly_2023-04-24,24/04/2023,23/05/2023
Historical_Monthly_2023-05-24,24/05/2023,23/06/2023
Historical_Monthly_2023-06-24,24/06/2023,23/07/2023
Historical_Monthly_2023-07-24,24/07/2023,23/08/2023
Historical_Monthly_2023-08-24,24/08/2023,23/09/2023
Historical_Monthly_2023-09-24,24/09/2023,23/10/2023
Historical_Monthly_2023-10-24,24/10/2023,23/11/2023
Historical_Monthly_2023-11-24,24/11/2023,23/12/2023
Historical_Monthly_2023-12-24,24/12/2023,23/01/2024
Historical_Monthly_2024-01-24,24/01/2024,23/02/2024
Historical_Monthly_2024-02-24,24/02/2024,23/03/2024
Historical_Monthly_2024-03-24,24/03/2024,23/04/2024
Historical_Monthly_2024-04-24,24/04/2024,23/05/2024
Historical_Monthly_2024-05-24,24/05/2024,23/06/2024
Historical_Monthly_2024-06-24,24/06/2024,23/07/2024
Historical_Monthly_2024-07-24,24/07/2024,23/08/2024
Historical_Monthly_2024-08-24,24/08/2024,23/09/2024
Historical_Monthly_2024-09-24,24/09/2024,23/10/2024
Historical_Monthly_2024-10-24,24/10/2024,23/11/2024
Historical_Monthly_2024-11-24,24/11/2024,23/12/2024
Historical_Monthly_2024-12-24,24/12/2024,23/01/2025
Historical_Monthly_2025-01-24,24/01/2025,23/02/2025
